{
  "main": {
    "id": "271bdaf05a8634bb",
    "type": "split",
    "children": [
      {
        "id": "e5181be69672d39f",
        "type": "tabs",
        "children": [
          {
            "id": "cb4235ed4cee6571",
            "type": "leaf",
            "state": {
              "type": "markdown",
              "state": {
                "file": "README.md",
                "mode": "source",
                "source": false
              },
              "icon": "lucide-file",
              "title": "README"
            }
          }
        ]
      }
    ],
    "direction": "vertical"
  },
  "left": {
    "id": "2d633eaebf2f4604",
    "type": "split",
    "children": [
      {
        "id": "b85085840223a6bd",
        "type": "tabs",
        "children": [
          {
            "id": "853e71de8dfb9fb0",
            "type": "leaf",
            "state": {
              "type": "file-explorer",
              "state": {
                "sortOrder": "alphabetical",
                "autoReveal": false
              },
              "icon": "lucide-folder-closed",
              "title": "Files"
            }
          },
          {
            "id": "3334fdc068ab5c98",
            "type": "leaf",
            "state": {
              "type": "search",
              "state": {
                "query": "",
                "matchingCase": false,
                "explainSearch": false,
                "collapseAll": false,
                "extraContext": false,
                "sortOrder": "alphabetical"
              },
              "icon": "lucide-search",
              "title": "Search"
            }
          },
          {
            "id": "4a34f13ce76bdfd0",
            "type": "leaf",
            "state": {
              "type": "bookmarks",
              "state": {},
              "icon": "lucide-bookmark",
              "title": "Bookmarks"
            }
          }
        ]
      }
    ],
    "direction": "horizontal",
    "width": 300
  },
  "right": {
    "id": "9950b895819dbca2",
    "type": "split",
    "children": [
      {
        "id": "08478d6b48162e7d",
        "type": "tabs",
        "children": [
          {
            "id": "eb1afb9a500bd9da",
            "type": "leaf",
            "state": {
              "type": "backlink",
              "state": {
                "file": "README.md",
                "collapseAll": false,
                "extraContext": false,
                "sortOrder": "alphabetical",
                "showSearch": false,
                "searchQuery": "",
                "backlinkCollapsed": false,
                "unlinkedCollapsed": true
              },
              "icon": "links-coming-in",
              "title": "Backlinks for README"
            }
          },
          {
            "id": "097b47d95b4f5219",
            "type": "leaf",
            "state": {
              "type": "outgoing-link",
              "state": {
                "file": "README.md",
                "linksCollapsed": false,
                "unlinkedCollapsed": true
              },
              "icon": "links-going-out",
              "title": "Outgoing links from README"
            }
          },
          {
            "id": "76e81c1b2a5588b0",
            "type": "leaf",
            "state": {
              "type": "tag",
              "state": {
                "sortOrder": "frequency",
                "useHierarchy": true,
                "showSearch": false,
                "searchQuery": ""
              },
              "icon": "lucide-tags",
              "title": "Tags"
            }
          },
          {
            "id": "636bbd8420368874",
            "type": "leaf",
            "state": {
              "type": "all-properties",
              "state": {
                "sortOrder": "frequency",
                "showSearch": false,
                "searchQuery": ""
              },
              "icon": "lucide-archive",
              "title": "All properties"
            }
          },
          {
            "id": "7c00b67b014475ac",
            "type": "leaf",
            "state": {
              "type": "outline",
              "state": {
                "file": "README.md",
                "followCursor": false,
                "showSearch": false,
                "searchQuery": ""
              },
              "icon": "lucide-list",
              "title": "Outline of README"
            }
          }
        ]
      }
    ],
    "direction": "horizontal",
    "width": 300,
    "collapsed": true
  },
  "left-ribbon": {
    "hiddenItems": {
      "switcher:Open quick switcher": false,
      "graph:Open graph view": false,
      "canvas:Create new canvas": false,
      "daily-notes:Open today's daily note": false,
      "templates:Insert template": false,
      "command-palette:Open command palette": false,
      "bases:Create new base": false
    }
  },
  "active": "cb4235ed4cee6571",
  "lastOpenFiles": [
    "gerbers/nfc-card-job.gbrjob",
    "gerbers/nfc-card-Edge_Cuts.gbr",
    "gerbers/nfc-card-B_Mask.gbr",
    "gerbers/nfc-card-F_Mask.gbr",
    "gerbers/nfc-card-B_Silkscreen.gbr",
    "gerbers/nfc-card-F_Silkscreen.gbr",
    "gerbers/nfc-card-B_Paste.gbr",
    "gerbers/nfc-card-F_Paste.gbr",
    "gerbers/nfc-card-B_Cu.gbr",
    "gerbers/nfc-card-F_Cu.gbr",
    "gerbers/nfc-card-NPTH.drl",
    "screenshots/Pasted image 20260216202302.png",
    "README.md",
    "screenshots/Pasted image 20260216202500.png",
    "screenshots/Pasted image 20260216202428.png",
    "LICENCE.md"
  ]
}